nombre,tipo,ciudad,barrio,link,Precio,Área,Baños,Habitaciones,Entrega,Parqueaderos,Estudio,cuarto_util
Montpellier Apartasuites,Aparta Suites,Caldas,,https://www.informeinmobiliario.com/aparta-suites-venta-caldas/proyecto/1204,$ 115.700.000,21.0,1,1,No info,No info,No info,No info
Ferratore,Apartamentos,La Estrella,La Tablaza,https://www.informeinmobiliario.com/apartamentos-venta-la-estrella-la-tablaza/proyecto/1412,$ 212.000.000,50.0,2,2,No info,No info,1,No info
Luna del Cerro,Apartamentos,Medellín,Robledo,https://www.informeinmobiliario.com/apartamentos-venta-medellin-robledo/proyecto/1315,$ 210.500.000,51.0,2,3,2025,No info,No info,No info
Entreprados,Apartamentos,San Antonio de Prado,,https://www.informeinmobiliario.com/apartamentos-venta-san-antonio-de-prado/proyecto/1047,$ 188.000.000,49.0,1,2,2024 - 2025,No info,No info,No info
Portón Del Norte,Apartamentos,Copacabana,Loma Los Álvarez,https://www.informeinmobiliario.com/apartamentos-venta-copacabana-loma-los-alvarez/proyecto/998,$ 212.885.600,68.0,2,3,Inmediata,1,No info,No info
Vidanta,Apartamentos,Bello,Terrasol,https://www.informeinmobiliario.com/apartamentos-venta-bello-terrasol/proyecto/1114,$ 191.400.000,57.0,2,3,Inmediata - 2024,No info,1,No info
Entrebosques,Apartamentos,Bello,Niquia,https://www.informeinmobiliario.com/apartamentos-venta-bello-niquia/proyecto/1256,$ 194.900.000,54.0,2,3,2024 - 2025,No info,1,No info
El Carmen Colonial,Casas,El Carmen de Viboral,Campo Alegre,https://www.informeinmobiliario.com/casas-venta-el-carmen-de-viboral-campo-alegre/proyecto/1006,$ 186.902.100,55.0,2,3,No info,No info,1,No info
Alerce,Apartamentos,Risaralda,Dosquebradas,https://www.informeinmobiliario.com/apartamentos-venta-risaralda-dosquebradas/proyecto/1507,$ 167.200.000,40.0,1,2,No info,No info,No info,No info
Nogales De Belverde,Apartamentos,Bello,Terrasol,https://www.informeinmobiliario.com/apartamentos-venta-bello-terrasol/proyecto/964,$ 183.000.000,48.0,2,3,2025,No info,No info,No info
Nogales De Belverde,Apartamentos,Bello,Terrasol,https://www.informeinmobiliario.com/apartamentos-venta-bello-terrasol/proyecto/964,$ 204.800.000,54.0,2,3,2025,No info,No info,No info
Pino Azul,Apartamentos,Rionegro,V. Fontibon,https://www.informeinmobiliario.com/apartamentos-venta-rionegro-v-fontibon/proyecto/1213,$ 165.996.000,51.0,2,3,2025,No info,No info,No info
Aires de Palermo,Apartamentos,Bogotá,,https://www.informeinmobiliario.com/apartamentos-venta-bogota/proyecto/1448,$ 163.328.000,48.0,1,2,2025,No info,No info,No info
Siembra,Apartamentos,Bello,Paris,https://www.informeinmobiliario.com/apartamentos-venta-bello-paris/proyecto/952,$ 160.425.100,38.0,1,2,2025,No info,No info,No info
Tierra Linda Campestre,Apartamentos,Bello,Machado,https://www.informeinmobiliario.com/apartamentos-venta-bello-machado/proyecto/1510,$ 162.400.000,43.0,1,2,No info,No info,No info,No info
Altua,Apartamentos,Yopal,,https://www.informeinmobiliario.com/apartamentos-venta-yopal/proyecto/1447,$ 150.800.000,45.0,1,2,2023-2024,No info,No info,No info
Maple,Apartamentos,Risaralda,Dosquebradas,https://www.informeinmobiliario.com/apartamentos-venta-risaralda-dosquebradas/proyecto/1508,$ 225.000.000,53.0,2,3,2025,1,No info,No info
Majagua,Apartamentos,Bello,Primavera,https://www.informeinmobiliario.com/apartamentos-venta-bello-primavera/proyecto/973,$ 219.400.000,41.0,1,1,2027,No info,No info,No info
Majagua,Apartamentos,Bello,Primavera,https://www.informeinmobiliario.com/apartamentos-venta-bello-primavera/proyecto/973,$ 296.000.000,67.0,2,3,2027,No info,1,Si
Fontanar,Apartamentos,Caldas,V. Primavera,https://www.informeinmobiliario.com/apartamentos-venta-caldas-v-primavera/proyecto/1429,$ 218.000.000,50.0,2,2,2026,No info,1,No info
Colina De Alcaravanes,Apartamentos,Marinilla,Alcaravanes,https://www.informeinmobiliario.com/apartamentos-venta-marinilla-alcaravanes/proyecto/757,$ 361.357.000,55.0,2,3,2024,1,No info,No info
Anaconas,Apartamentos,La Estrella,La Tablaza,https://www.informeinmobiliario.com/apartamentos-venta-la-estrella-la-tablaza/proyecto/1473,$ 219.000.000,50.0,1,3,No info,No info,No info,No info
Herbario,Apartamentos,Itagüí,Sector Reservas,https://www.informeinmobiliario.com/apartamentos-venta-itagui-sector-reservas/proyecto/1037,$ 359.000.000,57.0,2,2,2024 - 2025 - 2026,No info,No info,No info
Puerto Sereno,Apartamentos,Bello,Santa Ana,https://www.informeinmobiliario.com/apartamentos-venta-bello-santa-ana/proyecto/1337,$ 360.500.000,61.0,2,3,2026,1,1,Si
Bantué,Apartamentos,La Estrella,Aldea,https://www.informeinmobiliario.com/apartamentos-venta-la-estrella-aldea/proyecto/1341,$ 354.900.000,54.0,2,2,No info,No info,No info,No info
Distrito Plaza,Apartamentos,Bello,Fabricato,https://www.informeinmobiliario.com/apartamentos-venta-bello-fabricato/proyecto/1084,$ 332.400.000,56.0,2,2,2025 - 2026,No info,No info,No info
Roble Alto,Apartamentos,Medellín,Robledo,https://www.informeinmobiliario.com/apartamentos-venta-medellin-robledo/proyecto/1446,$ 314.000.000,61.0,2,1,Inmediata,1,No info,Si
Awa,Apartamentos,Sabaneta,Ancón Sur,https://www.informeinmobiliario.com/apartamentos-venta-sabaneta-ancon-sur/proyecto/918,$ 300.513.300,45.0,2,1,No info,1,No info,No info
Selvatica,Apartamentos,Sabaneta,Las Lomitas,https://www.informeinmobiliario.com/apartamentos-venta-sabaneta-las-lomitas/proyecto/920,$ 307.296.290,52.0,2,2,2025,1,No info,No info
Armonia,Apartamentos,Rionegro,V. Fontibon,https://www.informeinmobiliario.com/apartamentos-venta-rionegro-v-fontibon/proyecto/752,$ 284.235.000,59.0,2,3,2023,1,1,No info
Armonia,Apartamentos,Rionegro,V. Fontibon,https://www.informeinmobiliario.com/apartamentos-venta-rionegro-v-fontibon/proyecto/752,$ 293.500.000,62.0,2,3,2023,1,1,No info
Armonia,Apartamentos,Rionegro,V. Fontibon,https://www.informeinmobiliario.com/apartamentos-venta-rionegro-v-fontibon/proyecto/752,$ 311.154.000,59.0,2,3,2024,1,1,No info
Armonia,Apartamentos,Rionegro,V. Fontibon,https://www.informeinmobiliario.com/apartamentos-venta-rionegro-v-fontibon/proyecto/752,$ 321.400.000,62.0,2,3,2024,1,1,No info
Reserva San Lorenzo,Lotes,Caldas (Manizales),Viterbo,https://www.informeinmobiliario.com/lotes-venta-caldas-manizales-viterbo/proyecto/1506,$ 241.400.000,1207.0,No info,No info,2024,No info,No info,No info
Olivar,Apartamentos,Rionegro,V. Fontibon,https://www.informeinmobiliario.com/apartamentos-venta-rionegro-v-fontibon/proyecto/729,$ 307.960.000,49.0,2,2,Inmediata,1,No info,Si
Olivar,Apartamentos,Rionegro,V. Fontibon,https://www.informeinmobiliario.com/apartamentos-venta-rionegro-v-fontibon/proyecto/729,$ 323.368.000,56.0,2,3,Inmediata,1,1,Si
Solana,Apartamentos,Bello,Santa Ana,https://www.informeinmobiliario.com/apartamentos-venta-bello-santa-ana/proyecto/1214,$ 229.000.000,50.0,2,2,No info,No info,1,No info
Natura Hills,Apartamentos,Sabaneta,Las Lomitas,https://www.informeinmobiliario.com/apartamentos-venta-sabaneta-las-lomitas/proyecto/1255,$ 423.844.000,69.0,2,3,2025,1,1,No info
Asaí,Apartamentos,Itagüí,Suramérica,https://www.informeinmobiliario.com/apartamentos-venta-itagui-suramerica/proyecto/755,$ 414.552.000,67.0,2,1,2024 - 2025,1,1,Si
Asaí,Apartamentos,Itagüí,Suramérica,https://www.informeinmobiliario.com/apartamentos-venta-itagui-suramerica/proyecto/755,$ 446.160.000,68.0,2,2,2024 - 2025,1,1,Si
Asaí,Apartamentos,Itagüí,Suramérica,https://www.informeinmobiliario.com/apartamentos-venta-itagui-suramerica/proyecto/755,$ 436.104.000,71.0,2,3,2024 - 2025,1,1,Si
Asaí,Apartamentos,Itagüí,Suramérica,https://www.informeinmobiliario.com/apartamentos-venta-itagui-suramerica/proyecto/755,$ 439.668.000,76.0,2,3,2024 - 2025,1,1,Si
Ebano,Apartamentos,Rionegro,San Antonio de Pereira,https://www.informeinmobiliario.com/apartamentos-venta-rionegro-san-antonio-de-pereira/proyecto/750,$ 402.080.900,66.0,2,2,2024,1,No info,Si
Nature Aqua,Apartamentos,Sabaneta,La Doctora,https://www.informeinmobiliario.com/apartamentos-venta-sabaneta-la-doctora/proyecto/1145,$ 406.500.000,61.0,2,3,2025,1,1,Si
Fantasía,Apartamentos,La Estrella,La Aldea,https://www.informeinmobiliario.com/apartamentos-venta-la-estrella-la-aldea/proyecto/1223,$ 384.412.000,58.0,2,2,2025,1,No info,Si
Fantasía,Apartamentos,La Estrella,La Aldea,https://www.informeinmobiliario.com/apartamentos-venta-la-estrella-la-aldea/proyecto/1223,$ 421.700.000,65.0,2,3,2025,1,No info,Si
Fantasía,Apartamentos,La Estrella,La Aldea,https://www.informeinmobiliario.com/apartamentos-venta-la-estrella-la-aldea/proyecto/1223,$ 454.504.000,70.0,2,3,2025,1,No info,Si
Fantasía,Apartamentos,La Estrella,La Aldea,https://www.informeinmobiliario.com/apartamentos-venta-la-estrella-la-aldea/proyecto/1223,$ 464.184.000,66.0,2,2,2027,1,No info,Si
Fantasía,Apartamentos,La Estrella,La Aldea,https://www.informeinmobiliario.com/apartamentos-venta-la-estrella-la-aldea/proyecto/1223,$ 506.872.000,73.0,2,3,2027,1,1,Si
Fantasía,Apartamentos,La Estrella,La Aldea,https://www.informeinmobiliario.com/apartamentos-venta-la-estrella-la-aldea/proyecto/1223,$ 541.304.000,78.0,2,3,2027,1,1,Si
Fantasía,Apartamentos,La Estrella,La Aldea,https://www.informeinmobiliario.com/apartamentos-venta-la-estrella-la-aldea/proyecto/1223,$ 569.656.000,83.0,2,3,2027,1,1,Si
Natura Flex,Apartamentos,Sabaneta,Las Lomitas,https://www.informeinmobiliario.com/apartamentos-venta-sabaneta-las-lomitas/proyecto/1254,$ 364.200.000,58.0,2,2,2025,1,No info,No info
Orión,Apartamentos,La Estrella,,https://www.informeinmobiliario.com/apartamentos-venta-la-estrella/proyecto/780,$ 371.000.000,61.0,2,2,No info,1,No info,No info
Yerbabuena,Lotes,El Retiro,Loma El Escobero,https://www.informeinmobiliario.com/lotes-venta-el-retiro-loma-el-escobero/proyecto/1109,$ 738.385.000,2503.0,No info,No info,No info,No info,No info,No info
Rosset,Apartamentos,Envigado,La Abadía,https://www.informeinmobiliario.com/apartamentos-venta-envigado-la-abadia/proyecto/651,$ 787.500.000,85.0,2,2,2024,2,1,Si
Rosset,Apartamentos,Envigado,La Abadía,https://www.informeinmobiliario.com/apartamentos-venta-envigado-la-abadia/proyecto/651,$ 865.845.000,94.0,2,3,2024,2,1,Si
Rosset,Apartamentos,Envigado,La Abadía,https://www.informeinmobiliario.com/apartamentos-venta-envigado-la-abadia/proyecto/651,$ 1.159.469.000,127.0,4,3,2024,2,1,Si
Rosset,Apartamentos,Envigado,La Abadía,https://www.informeinmobiliario.com/apartamentos-venta-envigado-la-abadia/proyecto/651,$ 1.197.566.000,130.0,4,3,2024,2,1,Si
Bangkok,Apartamentos,Sabaneta,Aves Marías,https://www.informeinmobiliario.com/apartamentos-venta-sabaneta-aves-marias/proyecto/781,$ 640.858.000,94.0,3,3,2023,1,1,Si
Bangkok,Apartamentos,Sabaneta,Aves Marías,https://www.informeinmobiliario.com/apartamentos-venta-sabaneta-aves-marias/proyecto/781,$ 678.014.000,99.0,3,3,2023,1,1,Si
Sendero Fresco,Apartamentos,Envigado,Camino Verde,https://www.informeinmobiliario.com/apartamentos-venta-envigado-camino-verde/proyecto/773,$ 614.213.000,80.0,2,3,2023,1,1,Si
San Simon,Apartamentos,Rionegro,San Antonio de Pereira,https://www.informeinmobiliario.com/apartamentos-venta-rionegro-san-antonio-de-pereira/proyecto/789,$ 514.463.000,74.0,3,3,2023 - 2024 - 2026,1,No info,Si
San Simon,Apartamentos,Rionegro,San Antonio de Pereira,https://www.informeinmobiliario.com/apartamentos-venta-rionegro-san-antonio-de-pereira/proyecto/789,$ 520.071.000,76.0,2,2,2023 - 2024 - 2026,1,1,Si
San Simon,Apartamentos,Rionegro,San Antonio de Pereira,https://www.informeinmobiliario.com/apartamentos-venta-rionegro-san-antonio-de-pereira/proyecto/789,$ 684.907.000,78.0,2,2,2023 - 2024 - 2026,1,1,Si
San Simon,Apartamentos,Rionegro,San Antonio de Pereira,https://www.informeinmobiliario.com/apartamentos-venta-rionegro-san-antonio-de-pereira/proyecto/789,$ 634.000.000,84.0,2,3,2023 - 2024 - 2026,1,1,Si
Graz del Río,Apartamentos,Medellín,Ciudad del Rio,https://www.informeinmobiliario.com/apartamentos-venta-medellin-ciudad-del-rio/proyecto/1516,$ 550.000.000,51.0,2,1,No info,1,No info,Si
Lorient,Apartamentos,La Ceja,Vía Don Diego,https://www.informeinmobiliario.com/apartamentos-venta-la-ceja-via-don-diego/proyecto/765,$ 466.759.600,64.0,2,2,Inmediata - 2025,1,1,Si
Verde Olivo,Apartamentos,Envigado,Camino Verde,https://www.informeinmobiliario.com/apartamentos-venta-envigado-camino-verde/proyecto/1374,$ 455.700.000,61.0,2,3,2025,1,No info,Si
Liff,Apartamentos,Rionegro,,https://www.informeinmobiliario.com/apartamentos-venta-rionegro/proyecto/1379,$ 427.351.200,47.0,2,1,2026,1,No info,Si
Liff,Apartamentos,Rionegro,,https://www.informeinmobiliario.com/apartamentos-venta-rionegro/proyecto/1379,$ 611.522.600,73.0,2,2,2026,1,No info,Si
Liff,Apartamentos,Rionegro,,https://www.informeinmobiliario.com/apartamentos-venta-rionegro/proyecto/1379,$ 769.888.000,97.0,2,3,2026,1,1,Si
Volare,Apartamentos,Caldas,,https://www.informeinmobiliario.com/apartamentos-venta-caldas/proyecto/159,$ 168.455.200,43.0,2,2,No info,No info,No info,No info
Vallejuelos,Apartamentos,La Unión,,https://www.informeinmobiliario.com/apartamentos-venta-la-union/proyecto/1321,$ 167.000.000,54.0,2,3,No info,No info,No info,No info
Monte Sion,Apartamentos,Copacabana,Machado,https://www.informeinmobiliario.com/apartamentos-venta-copacabana-machado/proyecto/958,$ 168.200.000,57.0,2,3,No info,No info,No info,No info
Vermonte,Apartamentos,Marinilla,,https://www.informeinmobiliario.com/apartamentos-venta-marinilla/proyecto/1276,$ 166.600.000,39.0,1,2,No info,No info,No info,No info
Villa del Bosque,Apartamentos,San Antonio de Prado,,https://www.informeinmobiliario.com/apartamentos-venta-san-antonio-de-prado/proyecto/1521,$ 165.000.000,52.0,2,3,No info,No info,No info,No info
San Sebastian Lotes,Lotes,La Ceja,,https://www.informeinmobiliario.com/lotes-venta-la-ceja/proyecto/1018,$ 162.672.552,63.0,No info,No info,No info,No info,No info,No info
Luna Del Mar,Apartamentos,Medellín,Robledo,https://www.informeinmobiliario.com/apartamentos-venta-medellin-robledo/proyecto/962,$ 162.400.000,46.0,1,3,No info,No info,No info,No info
Kioto,Apartamentos,Envigado,Las Cometas,https://www.informeinmobiliario.com/apartamentos-venta-envigado-las-cometas/proyecto/1312,$ 160.000.000,23.0,1,1,No info,1,No info,No info
Altos de San José,Apartamentos,Marinilla,,https://www.informeinmobiliario.com/apartamentos-venta-marinilla/proyecto/1356,$ 146.740.000,42.0,1,2,2024,No info,No info,No info
Entre Montes,Apartamentos,Bello,,https://www.informeinmobiliario.com/apartamentos-venta-bello/proyecto/1409,$ 142.680.000,37.0,1,2,No info,No info,No info,No info
Be Live,Aparta Suites,Medellín,El Poblado,https://www.informeinmobiliario.com/aparta-suites-venta-medellin-el-poblado/proyecto/1462,$ 74.950.000,5.0,No info,No info,No info,No info,No info,No info
Be Live,Aparta Suites,Medellín,El Poblado,https://www.informeinmobiliario.com/aparta-suites-venta-medellin-el-poblado/proyecto/1462,$ 466.767.000,33.0,1,1,No info,No info,No info,No info
Be Live,Aparta Suites,Medellín,El Poblado,https://www.informeinmobiliario.com/aparta-suites-venta-medellin-el-poblado/proyecto/1462,$ 683.708.000,49.0,2,1,No info,No info,No info,No info
Be Live,Aparta Suites,Medellín,El Poblado,https://www.informeinmobiliario.com/aparta-suites-venta-medellin-el-poblado/proyecto/1462,$ 751.000.000,54.0,2,1,No info,No info,No info,No info
Be Live,Aparta Suites,Medellín,El Poblado,https://www.informeinmobiliario.com/aparta-suites-venta-medellin-el-poblado/proyecto/1462,$ 992.491.000,72.0,2,2,No info,No info,No info,No info
San Angel,Lotes,La Unión,,https://www.informeinmobiliario.com/lotes-venta-la-union/proyecto/1105,$ 100.000.000,72.0,No info,No info,No info,No info,No info,No info
St Laurent,Apartamentos,Envigado,Transversal Intermedia,https://www.informeinmobiliario.com/apartamentos-venta-envigado-transversal-intermedia/proyecto/654,$ 906.992.000,98.0,3,3,2024,2,1,Si
St Laurent,Apartamentos,Envigado,Transversal Intermedia,https://www.informeinmobiliario.com/apartamentos-venta-envigado-transversal-intermedia/proyecto/654,$ 1.016.917.000,110.0,3,3,2024,1,1,Si
Coral Living,Apartamentos,Envigado,Barrio Mesa,https://www.informeinmobiliario.com/apartamentos-venta-envigado-barrio-mesa/proyecto/901,$ 903.660.000,94.0,2,2,2025,2,1,Si
Coral Living,Apartamentos,Envigado,Barrio Mesa,https://www.informeinmobiliario.com/apartamentos-venta-envigado-barrio-mesa/proyecto/901,$ 932.860.000,96.0,2,2,2025,1,1,Si
Flandes,Apartamentos,La Ceja,Payuco,https://www.informeinmobiliario.com/apartamentos-venta-la-ceja-payuco/proyecto/1320,$ 186.040.000,49.0,1,2,No info,No info,No info,No info
Trópico,Apartamentos,San Antonio de Prado,,https://www.informeinmobiliario.com/apartamentos-venta-san-antonio-de-prado/proyecto/959,$ 183.000.000,45.0,2,2,No info,No info,No info,No info
Naté,Apartamentos,Rionegro,V. Fontibon,https://www.informeinmobiliario.com/apartamentos-venta-rionegro-v-fontibon/proyecto/738,$ 184.300.000,49.0,2,3,No info,No info,No info,No info
Citrika,Apartamentos,Rionegro,V. Fontibon,https://www.informeinmobiliario.com/apartamentos-venta-rionegro-v-fontibon/proyecto/1206,$ 184.300.000,48.0,2,3,No info,No info,No info,No info
Vallarta,Apartamentos,La Ceja,Payuco,https://www.informeinmobiliario.com/apartamentos-venta-la-ceja-payuco/proyecto/1293,$ 179.000.000,49.0,2,3,2025-2026,No info,No info,No info
Manantial,Apartamentos,Rionegro,V. Abreo,https://www.informeinmobiliario.com/apartamentos-venta-rionegro-v-abreo/proyecto/1325,$ 190.755.000,50.0,2,2,2026,No info,1,No info
Campura,Apartamentos,San Antonio de Prado,,https://www.informeinmobiliario.com/apartamentos-venta-san-antonio-de-prado/proyecto/1300,$ 190.170.000,52.0,2,3,No info,No info,No info,No info
Aragua De Primavera,Apartamentos,Caldas,V. Primavera,https://www.informeinmobiliario.com/apartamentos-venta-caldas-v-primavera/proyecto/971,$ 174.000.000,49.0,2,3,No info,No info,No info,No info
Bosque Robledal,Apartamentos,Rionegro,,https://www.informeinmobiliario.com/apartamentos-venta-rionegro/proyecto/1279,$ 190.000.000,49.0,1,2,No info,No info,1,No info
Entrecerros,Apartamentos,Bello,Niquia,https://www.informeinmobiliario.com/apartamentos-venta-bello-niquia/proyecto/1040,$ 186.800.000,49.0,2,3,No info,No info,No info,No info
Luna Del Viento,Apartamentos,Medellín,Robledo,https://www.informeinmobiliario.com/apartamentos-venta-medellin-robledo/proyecto/970,$ 174.000.000,51.0,2,3,No info,No info,No info,No info
Ryos,Apartamentos,Rionegro,V. Cimarronas (Rionegro),https://www.informeinmobiliario.com/apartamentos-venta-rionegro-v-cimarronas-rionegro/proyecto/1283,$ 179.000.000,50.0,2,3,No info,No info,No info,No info
Néo,Apartamentos,Marinilla,La Dalia,https://www.informeinmobiliario.com/apartamentos-venta-marinilla-la-dalia/proyecto/1139,$ 172.260.000,50.0,2,3,No info,No info,No info,No info
Rosales,Apartamentos,La Ceja,,https://www.informeinmobiliario.com/apartamentos-venta-la-ceja/proyecto/1461,$ 170.000.000,57.0,2,3,No info,No info,No info,No info
Living 97,Apartamentos,Medellín,,https://www.informeinmobiliario.com/apartamentos-venta-medellin/proyecto/1271,$ 169.730.000,35.0,2,1,No info,No info,No info,No info
Solei,Apartamentos,Bello,Santa Ana,https://www.informeinmobiliario.com/apartamentos-venta-bello-santa-ana/proyecto/1129,$ 202.954.000,52.0,2,3,No info,No info,No info,No info
Puerto Paraiso,Apartamentos,Bello,Santa Ana,https://www.informeinmobiliario.com/apartamentos-venta-bello-santa-ana/proyecto/990,$ 201.914.000,54.0,2,3,No info,No info,1,No info
Allegro,Apartamentos,Copacabana,Machado,https://www.informeinmobiliario.com/apartamentos-venta-copacabana-machado/proyecto/981,$ 169.360.000,53.0,2,2,No info,No info,No info,No info
Puerto Vallarta,Apartamentos,Bello,Santa Ana,https://www.informeinmobiliario.com/apartamentos-venta-bello-santa-ana/proyecto/1296,$ 201.700.000,54.0,2,3,No info,No info,No info,No info
Plaza Kahuana,Apartamentos,Copacabana,Simón Bolívar,https://www.informeinmobiliario.com/apartamentos-venta-copacabana-simon-bolivar/proyecto/1308,$ 201.900.000,54.0,2,3,2025-2026,No info,No info,No info
San Agustín,Apartamentos,Bello,Machado,https://www.informeinmobiliario.com/apartamentos-venta-bello-machado/proyecto/1335,$ 201.600.000,49.0,2,3,No info,No info,No info,No info
La Recoleta,Lotes,La Ceja,,https://www.informeinmobiliario.com/lotes-venta-la-ceja/proyecto/1512,$ 200.000.000,62.0,No info,No info,No info,No info,No info,No info
Verdeventura,Apartamentos,Bello,Santa Ana,https://www.informeinmobiliario.com/apartamentos-venta-bello-santa-ana/proyecto/1383,$ 199.500.000,52.0,2,2,No info,No info,1,No info
Ciudadela San Miguel,Apartamentos,Caldas,V. La Raya,https://www.informeinmobiliario.com/apartamentos-venta-caldas-v-la-raya/proyecto/1159,$ 203.580.020,50.0,2,2,2025-2026,No info,1,No info
Calasanz Reservado,Apartamentos,Medellín,Calasanz,https://www.informeinmobiliario.com/apartamentos-venta-medellin-calasanz/proyecto/1298,$ 203.345.100,47.0,2,2,2026,No info,No info,No info
Family Lotes,Lotes,El Carmen de Viboral,,https://www.informeinmobiliario.com/lotes-venta-el-carmen-de-viboral/proyecto/1195,$ 194.800.000,72.0,No info,No info,No info,No info,No info,No info
El Bosque,Apartamentos,Bello,Primavera,https://www.informeinmobiliario.com/apartamentos-venta-bello-primavera/proyecto/1240,$ 196.500.000,55.0,2,3,No info,No info,No info,No info
Parque Alto,Apartamentos,Bello,Primavera,https://www.informeinmobiliario.com/apartamentos-venta-bello-primavera/proyecto/961,$ 196.500.000,54.0,2,3,No info,No info,No info,No info
Mineratto,Apartamentos,Bello,Riachuelos,https://www.informeinmobiliario.com/apartamentos-venta-bello-riachuelos/proyecto/1358,$ 196.500.000,51.0,2,2,2025,No info,1,No info
Villa Gabriela,Apartamentos,San Antonio de Prado,,https://www.informeinmobiliario.com/apartamentos-venta-san-antonio-de-prado/proyecto/1122,$ 193.000.000,48.0,2,2,No info,No info,No info,No info
Fragua,Apartamentos,Bello,Terrasol,https://www.informeinmobiliario.com/apartamentos-venta-bello-terrasol/proyecto/1291,$ 192.500.000,52.0,2,3,No info,No info,No info,No info
Natal,Apartamentos,La Estrella,Inmaculada 1,https://www.informeinmobiliario.com/apartamentos-venta-la-estrella-inmaculada-1/proyecto/1111,$ 191.853.000,50.0,2,2,No info,1,No info,No info
Entre Soles,Apartamentos,Bello,San Gabriel,https://www.informeinmobiliario.com/apartamentos-venta-bello-san-gabriel/proyecto/1432,$ 206.000.000,56.0,2,3,Lanzamiento,No info,1,No info
Panorama Boreal,Apartamentos,La Estrella,Tablaza,https://www.informeinmobiliario.com/apartamentos-venta-la-estrella-tablaza/proyecto/409,$ 206.712.000,50.0,2,3,2025,No info,No info,No info
Jardines Del Carmen,Lotes,El Carmen de Viboral,,https://www.informeinmobiliario.com/lotes-venta-el-carmen-de-viboral/proyecto/831,$ 205.260.253,84.0,No info,No info,No info,No info,No info,No info
Kaizen,Apartamentos,Rionegro,Nueva Vía al Tanque,https://www.informeinmobiliario.com/apartamentos-venta-rionegro-nueva-via-al-tanque/proyecto/1422,$ 206.000.000,48.0,2,3,No info,No info,No info,No info
Sonatto,Apartamentos,Copacabana,Machado,https://www.informeinmobiliario.com/apartamentos-venta-copacabana-machado/proyecto/1306,$ 205.500.000,55.0,2,2,No info,No info,No info,No info
Primitiv,Apartamentos,La Ceja,,https://www.informeinmobiliario.com/apartamentos-venta-la-ceja/proyecto/1085,$ 205.000.000,51.0,2,2,No info,No info,No info,No info
Rincón del Valle,Apartamentos,Medellín,Robledo,https://www.informeinmobiliario.com/apartamentos-venta-medellin-robledo/proyecto/1343,$ 214.000.000,49.0,2,2,2026,No info,No info,No info
Arboleda de Sion,Apartamentos,Copacabana,Machado,https://www.informeinmobiliario.com/apartamentos-venta-copacabana-machado/proyecto/1310,$ 213.000.000,55.0,2,3,2026,No info,No info,No info
Arboleda de Sion,Apartamentos,Copacabana,Machado,https://www.informeinmobiliario.com/apartamentos-venta-copacabana-machado/proyecto/1310,$ 258.020.000,59.0,2,3,2026,No info,No info,No info
Anacaona,Apartamentos,Itagüí,El Rosario,https://www.informeinmobiliario.com/apartamentos-venta-itagui-el-rosario/proyecto/1069,$ 212.000.000,55.0,2,2,No info,No info,1,No info
Solé,Apartamentos,Marinilla,La Dalia,https://www.informeinmobiliario.com/apartamentos-venta-marinilla-la-dalia/proyecto/1433,$ 208.435.000,50.0,2,3,No info,No info,No info,No info
Iroko,Apartamentos,Rionegro,V. Fontibon,https://www.informeinmobiliario.com/apartamentos-venta-rionegro-v-fontibon/proyecto/1430,$ 208.000.000,50.0,2,2,No info,No info,1,No info
Tayrona,Apartamentos,Bello,Machado,https://www.informeinmobiliario.com/apartamentos-venta-bello-machado/proyecto/1336,$ 208.600.000,54.0,2,3,No info,No info,1,No info
Jaggua,Apartamentos,Caldas,V. Primavera,https://www.informeinmobiliario.com/apartamentos-venta-caldas-v-primavera/proyecto/1137,$ 204.800.000,49.0,2,3,No info,No info,No info,No info
Sendero Silvestre,Apartamentos,Bello,Navarra,https://www.informeinmobiliario.com/apartamentos-venta-bello-navarra/proyecto/976,$ 203.652.000,55.0,2,3,No info,No info,No info,No info
Montiara,Apartamentos,Bello,Búcaros,https://www.informeinmobiliario.com/apartamentos-venta-bello-bucaros/proyecto/1230,$ 203.652.000,51.0,2,2,No info,No info,1,No info
Ribero,Apartamentos,Copacabana,,https://www.informeinmobiliario.com/apartamentos-venta-copacabana/proyecto/1385,$ 223.119.000,52.0,2,2,No info,No info,1,No info
Sendero Silvestre 2,Apartamentos,Bello,Navarra,https://www.informeinmobiliario.com/apartamentos-venta-bello-navarra/proyecto/1128,$ 217.740.000,54.0,2,3,No info,No info,No info,No info
Puerto Capri,Apartamentos,Bello,Santa Ana,https://www.informeinmobiliario.com/apartamentos-venta-bello-santa-ana/proyecto/1492,$ 221.000.000,53.0,2,3,No info,No info,No info,No info
Mazzú,Apartamentos,Caldas,V. Primavera,https://www.informeinmobiliario.com/apartamentos-venta-caldas-v-primavera/proyecto/1434,$ 217.700.000,49.0,2,2,No info,No info,No info,No info
Belaví,Apartamentos,Bello,Nortiko,https://www.informeinmobiliario.com/apartamentos-venta-bello-nortiko/proyecto/1288,$ 217.700.000,52.0,2,3,No info,No info,No info,No info
Buenavista,Apartamentos,Sabaneta,María Auxiliadora,https://www.informeinmobiliario.com/apartamentos-venta-sabaneta-maria-auxiliadora/proyecto/983,$ 216.212.400,55.0,2,2,No info,No info,1,No info
Pradera Real,Lotes,La Ceja,Nueva Circunvalar Sur,https://www.informeinmobiliario.com/lotes-venta-la-ceja-nueva-circunvalar-sur/proyecto/1316,$ 242.237.000,104.0,No info,No info,No info,No info,No info,No info
Reserva Serrat Semillas,Apartamentos,Medellín,Calasanz,https://www.informeinmobiliario.com/apartamentos-venta-medellin-calasanz/proyecto/1481,$ 243.300.000,50.0,2,2,No info,No info,1,No info
Jardines De La Colombiere,Lotes,La Ceja,,https://www.informeinmobiliario.com/lotes-venta-la-ceja/proyecto/830,$ 235.055.513,91.0,No info,No info,No info,No info,No info,No info
Wayra,Apartamentos,Bello,,https://www.informeinmobiliario.com/apartamentos-venta-bello/proyecto/1421,$ 215.000.000,52.0,2,2,2026,No info,No info,No info
Azul,Apartamentos,Sabaneta,María Auxiliadora,https://www.informeinmobiliario.com/apartamentos-venta-sabaneta-maria-auxiliadora/proyecto/1495,$ 245.000.000,55.0,2,2,2027,No info,1,No info
Puerto Madero,Apartamentos,San Antonio de Prado,,https://www.informeinmobiliario.com/apartamentos-venta-san-antonio-de-prado/proyecto/1253,$ 229.900.000,78.0,2,3,No info,No info,1,No info
Portal del Paraíso,Apartamentos,Sabaneta,María Auxiliadora,https://www.informeinmobiliario.com/apartamentos-venta-sabaneta-maria-auxiliadora/proyecto/1418,$ 228.019.114,55.0,2,2,No info,No info,1,No info
Cerro Verde,Apartamentos,Bello,Terranova,https://www.informeinmobiliario.com/apartamentos-venta-bello-terranova/proyecto/1290,$ 227.400.000,54.0,2,3,No info,No info,No info,No info
Zinia,Apartamentos,Medellín,Calasanz,https://www.informeinmobiliario.com/apartamentos-venta-medellin-calasanz/proyecto/1452,$ 226.000.000,46.0,2,2,No info,No info,1,No info
Glanz Living,Suites,Rionegro,V. Quirama,https://www.informeinmobiliario.com/suites-venta-rionegro-v-quirama/proyecto/1435,$ 277.500.000,36.0,1,1,No info,1,No info,No info
Almendra,Apartamentos,La Ceja,,https://www.informeinmobiliario.com/apartamentos-venta-la-ceja/proyecto/1414,$ 281.000.000,61.0,2,3,2025,No info,No info,No info
Vibratto,Apartamentos,Copacabana,Machado,https://www.informeinmobiliario.com/apartamentos-venta-copacabana-machado/proyecto/1307,$ 280.900.000,59.0,2,3,No info,1,1,No info
Aki,Apartamentos,Bello,Fabricato,https://www.informeinmobiliario.com/apartamentos-venta-bello-fabricato/proyecto/794,$ 272.542.000,50.0,2,2,No info,No info,No info,No info
Ensenada,Apartamentos,Bello,Amazonía,https://www.informeinmobiliario.com/apartamentos-venta-bello-amazonia/proyecto/705,$ 272.300.000,55.0,2,2,No info,No info,No info,No info
Like Rooms,Suites,Medellín,Centro,https://www.informeinmobiliario.com/suites-venta-medellin-centro/proyecto/1475,$ 263.660.000,28.0,1,1,No info,No info,No info,No info
Organica,Lotes,La Ceja,,https://www.informeinmobiliario.com/lotes-venta-la-ceja/proyecto/1292,$ 260.000.000,75.0,No info,No info,No info,No info,No info,No info
Bora Serravento,Apartamentos,Bello,Santa Ana,https://www.informeinmobiliario.com/apartamentos-venta-bello-santa-ana/proyecto/917,$ 250.000.000,54.0,2,2,No info,1,1,Si
Verona,Apartamentos,La Ceja,,https://www.informeinmobiliario.com/apartamentos-venta-la-ceja/proyecto/1087,$ 299.090.000,47.0,2,1,No info,1,No info,No info
Florida Norteamerica,Apartamentos,Bello,Norte America,https://www.informeinmobiliario.com/apartamentos-venta-bello-norte-america/proyecto/742,$ 298.000.000,58.0,2,3,No info,1,No info,Si
Hacienda Niquia,Apartamentos,Bello,Niquia,https://www.informeinmobiliario.com/apartamentos-venta-bello-niquia/proyecto/709,$ 296.805.106,53.0,2,2,No info,1,No info,Si
Crista medical,Consultorios,Medellín,Estadio,https://www.informeinmobiliario.com/consultorios-venta-medellin-estadio/proyecto/1225,$ 291.290.000,27.0,No info,No info,No info,1,No info,No info
Puerto Ventura,Apartamentos,Bello,Santa Ana,https://www.informeinmobiliario.com/apartamentos-venta-bello-santa-ana/proyecto/779,$ 289.135.000,61.0,2,3,No info,1,1,Si
Fiorenza,Apartamentos,Medellín,Calasanz,https://www.informeinmobiliario.com/apartamentos-venta-medellin-calasanz/proyecto/1000,$ 283.000.000,50.0,2,3,No info,1,No info,No info
Compostela,Lotes,La Ceja,,https://www.informeinmobiliario.com/lotes-venta-la-ceja/proyecto/1352,$ 285.681.000,119.0,No info,No info,No info,No info,No info,No info
Flor De Loto,Apartamentos,Bello,Fabricato,https://www.informeinmobiliario.com/apartamentos-venta-bello-fabricato/proyecto/856,$ 282.504.000,62.0,2,2,No info,No info,1,No info
Bulevar Verde,Apartamentos,Itagüí,Los Gómez,https://www.informeinmobiliario.com/apartamentos-venta-itagui-los-gomez/proyecto/1116,$ 314.600.000,63.0,2,3,No info,1,1,No info
Natura Real,Apartamentos,La Ceja,Nueva Circunvalar Sur,https://www.informeinmobiliario.com/apartamentos-venta-la-ceja-nueva-circunvalar-sur/proyecto/1302,$ 312.236.000,55.0,2,2,No info,1,No info,Si
Tao,Apartamentos,Rionegro,Tranvía,https://www.informeinmobiliario.com/apartamentos-venta-rionegro-tranvia/proyecto/181,$ 302.423.843,53.0,2,2,No info,1,1,No info
Lavore,Apartaestudios,Sabaneta,,https://www.informeinmobiliario.com/apartaestudios-venta-sabaneta/proyecto/1110,$ 345.153.624,44.0,1,1,No info,1,1,No info
Canto Lotes,Lotes,Rionegro,San Antonio de Pereira,https://www.informeinmobiliario.com/lotes-venta-rionegro-san-antonio-de-pereira/proyecto/1248,$ 345.000.000,108.0,No info,No info,No info,No info,No info,No info
Villacastín,Lotes,Rionegro,V. Quirama,https://www.informeinmobiliario.com/lotes-venta-rionegro-v-quirama/proyecto/1220,$ 338.000.000,98.0,No info,No info,No info,No info,No info,No info
Villaterra,Apartamentos,Medellín,Guayabal,https://www.informeinmobiliario.com/apartamentos-venta-medellin-guayabal/proyecto/1088,$ 341.000.000,73.0,2,3,No info,1,1,Si
Esmeralda,Apartamentos,La Ceja,,https://www.informeinmobiliario.com/apartamentos-venta-la-ceja/proyecto/1319,$ 333.810.000,47.0,2,1,No info,No info,No info,No info
Entrepalmeras,Apartamentos,La Estrella,,https://www.informeinmobiliario.com/apartamentos-venta-la-estrella/proyecto/1125,$ 333.542.000,50.0,2,2,2024,1,No info,Si
Pradera La Argentina,Lotes,El Retiro,V. La Argentina,https://www.informeinmobiliario.com/lotes-venta-el-retiro-v-la-argentina/proyecto/1243,$ 332.000.000,89.0,No info,No info,No info,No info,No info,No info
Torres Del Campo,Apartamentos,Rionegro,V. Ojo de Agua,https://www.informeinmobiliario.com/apartamentos-venta-rionegro-v-ojo-de-agua/proyecto/753,$ 327.500.000,60.0,2,2,No info,1,1,Si
Tirrena,Apartaestudios,Sabaneta,Loma de San Jose,https://www.informeinmobiliario.com/apartaestudios-venta-sabaneta-loma-de-san-jose/proyecto/1513,$ 326.000.000,49.0,No info,1,No info,No info,No info,No info
FaroVerde,Apartamentos,Medellín,Calasanz,https://www.informeinmobiliario.com/apartamentos-venta-medellin-calasanz/proyecto/859,$ 319.985.000,61.0,2,2,No info,1,1,No info
Mistral,Apartamentos,Bello,Santa Ana,https://www.informeinmobiliario.com/apartamentos-venta-bello-santa-ana/proyecto/1328,$ 321.000.000,64.0,3,2,No info,1,No info,Si
Camino Del Viento,Apartamentos,Bello,Amazonía,https://www.informeinmobiliario.com/apartamentos-venta-bello-amazonia/proyecto/999,$ 316.700.000,56.0,2,3,No info,No info,No info,No info
Reserva Serrat Selva,Apartamentos,Medellín,Calasanz,https://www.informeinmobiliario.com/apartamentos-venta-medellin-calasanz/proyecto/769,$ 363.900.000,46.0,1,2,No info,1,No info,No info
Livorno,Apartamentos,Sabaneta,Loma de San Jose,https://www.informeinmobiliario.com/apartamentos-venta-sabaneta-loma-de-san-jose/proyecto/913,$ 359.930.000,55.0,2,2,No info,1,No info,Si
Amantina,Apartamentos,Itagüí,Ditaires,https://www.informeinmobiliario.com/apartamentos-venta-itagui-ditaires/proyecto/1174,$ 360.000.000,62.0,2,2,No info,1,1,Si
Amantina,Apartamentos,Itagüí,Ditaires,https://www.informeinmobiliario.com/apartamentos-venta-itagui-ditaires/proyecto/1174,$ 414.100.000,70.0,2,3,No info,1,1,Si
Bahía Oasis Urbano,Apartamentos,Itagüí,Ditaires,https://www.informeinmobiliario.com/apartamentos-venta-itagui-ditaires/proyecto/1056,$ 357.400.000,61.0,2,2,No info,No info,1,No info
Vitha,Consultorios,Medellín,Av. San Juan,https://www.informeinmobiliario.com/consultorios-venta-medellin-av-san-juan/proyecto/1095,$ 364.000.000,29.0,No info,No info,No info,No info,No info,No info
Retiro Silvestre,Lotes,El Retiro,,https://www.informeinmobiliario.com/lotes-venta-el-retiro/proyecto/1489,$ 373.000.000,92.0,No info,No info,No info,No info,No info,No info
Century Tower,Apartamentos,Sabaneta,La Doctora,https://www.informeinmobiliario.com/apartamentos-venta-sabaneta-la-doctora/proyecto/989,$ 365.690.000,48.0,1,1,No info,1,No info,No info
Atlantica,Apartamentos,Bello,Fabricato,https://www.informeinmobiliario.com/apartamentos-venta-bello-fabricato/proyecto/1092,$ 375.086.500,60.0,2,2,No info,1,1,Si
Llanoazul,Casas,Girardota,,https://www.informeinmobiliario.com/casas-venta-girardota/proyecto/872,$ 355.000.000,69.0,2,3,No info,1,1,No info
Uno apartamentos,Apartamentos,Rionegro,,https://www.informeinmobiliario.com/apartamentos-venta-rionegro/proyecto/1482,$ 355.000.000,56.0,2,2,No info,1,No info,Si
Kora,Lotes,Rionegro,V. Barro Blanco,https://www.informeinmobiliario.com/lotes-venta-rionegro-v-barro-blanco/proyecto/1097,$ 349.500.000,98.0,No info,No info,No info,No info,No info,No info
Bosque Alto,Apartamentos,Bello,Amazonía,https://www.informeinmobiliario.com/apartamentos-venta-bello-amazonia/proyecto/530,$ 354.362.310,64.0,2,3,No info,1,No info,Si
Ciudadela Del Parque,Apartamentos,Itagüí,Centro de la Moda,https://www.informeinmobiliario.com/apartamentos-venta-itagui-centro-de-la-moda/proyecto/935,$ 349.100.000,65.0,2,3,No info,1,1,No info
Núvica Lotes,Lotes,Rionegro,V. Quirama,https://www.informeinmobiliario.com/lotes-venta-rionegro-v-quirama/proyecto/1218,$ 349.000.000,98.0,No info,No info,No info,No info,No info,No info
Metropolitan Salud,Consultorios,Medellín,El Poblado,https://www.informeinmobiliario.com/consultorios-venta-medellin-el-poblado/proyecto/1282,$ 348.000.000,29.0,No info,No info,No info,1,No info,No info
Altos de Santana,Apartamentos,Rionegro,V. Ojo de Agua,https://www.informeinmobiliario.com/apartamentos-venta-rionegro-v-ojo-de-agua/proyecto/1148,$ 345.854.000,58.0,2,2,No info,1,No info,No info
Palma - Verdevivo,Apartamentos,Itagüí,Suramérica,https://www.informeinmobiliario.com/apartamentos-venta-itagui-suramerica/proyecto/683,$ 400.590.000,60.0,2,2,No info,1,No info,Si
Céntrika,Apartamentos,Medellín,Centro,https://www.informeinmobiliario.com/apartamentos-venta-medellin-centro/proyecto/1502,$ 400.060.000,71.0,2,2,No info,1,No info,No info
Wood,Apartamentos,El Retiro,V. Pantanillo (El Retiro),https://www.informeinmobiliario.com/apartamentos-venta-el-retiro-v-pantanillo-el-retiro/proyecto/1203,$ 396.500.000,50.0,1,1,No info,1,No info,No info
Nuevo Poblado,Apartamentos,Itagüí,Sector Las Chimeneas,https://www.informeinmobiliario.com/apartamentos-venta-itagui-sector-las-chimeneas/proyecto/1344,$ 394.200.000,61.0,2,3,No info,1,No info,Si
Cambulo,Apartamentos,Rionegro,V. Barro Blanco,https://www.informeinmobiliario.com/apartamentos-venta-rionegro-v-barro-blanco/proyecto/1038,$ 392.980.000,59.0,2,2,No info,No info,No info,No info
Entrevillas,Apartamentos,Medellín,Guayabal,https://www.informeinmobiliario.com/apartamentos-venta-medellin-guayabal/proyecto/1138,$ 394.000.000,58.0,2,2,No info,1,No info,Si
Yarumo,Apartamentos,Rionegro,V. Barro Blanco,https://www.informeinmobiliario.com/apartamentos-venta-rionegro-v-barro-blanco/proyecto/1245,$ 393.600.000,53.0,2,1,No info,No info,No info,No info
Ecoh,Apartamentos,Sabaneta,Loma de San Jose,https://www.informeinmobiliario.com/apartamentos-venta-sabaneta-loma-de-san-jose/proyecto/868,$ 391.000.000,55.0,2,2,No info,No info,No info,No info
Cattleya,Apartamentos,Sabaneta,V. San José,https://www.informeinmobiliario.com/apartamentos-venta-sabaneta-v-san-jose/proyecto/1077,$ 389.300.000,75.0,2,2,No info,1,No info,Si
Reserva Serrat Origen,Apartamentos,Medellín,Calasanz,https://www.informeinmobiliario.com/apartamentos-venta-medellin-calasanz/proyecto/891,$ 389.234.000,62.0,2,3,No info,1,No info,No info
Costa Azul,Apartamentos,La Estrella,Toledo,https://www.informeinmobiliario.com/apartamentos-venta-la-estrella-toledo/proyecto/690,$ 385.560.000,57.0,2,2,No info,1,No info,Si
Entre Aires,Apartamentos,Sabaneta,,https://www.informeinmobiliario.com/apartamentos-venta-sabaneta/proyecto/1299,$ 385.000.000,55.0,2,2,2025,1,No info,No info
Reflex Living,Apartamentos,Sabaneta,V. Pan de Azúcar,https://www.informeinmobiliario.com/apartamentos-venta-sabaneta-v-pan-de-azucar/proyecto/1173,$ 379.000.000,55.0,2,1,No info,1,1,Si
Milano,Apartamentos,La Ceja,,https://www.informeinmobiliario.com/apartamentos-venta-la-ceja/proyecto/632,$ 379.000.000,66.0,2,3,No info,1,No info,Si
La Cumbre,Apartamentos,Sabaneta,V. Pan de Azúcar,https://www.informeinmobiliario.com/apartamentos-venta-sabaneta-v-pan-de-azucar/proyecto/1099,$ 404.000.000,64.0,2,2,No info,1,1,Si
Pacifica,Apartamentos,Itagüí,Ditaires,https://www.informeinmobiliario.com/apartamentos-venta-itagui-ditaires/proyecto/1044,$ 380.900.000,61.0,2,3,No info,No info,No info,No info
Terrah,Apartamentos,Sabaneta,Loma de San Jose,https://www.informeinmobiliario.com/apartamentos-venta-sabaneta-loma-de-san-jose/proyecto/1023,$ 455.000.000,72.0,2,2,No info,No info,No info,No info
La Riviere,Apartaestudios,Medellín,Ciudad del Rio,https://www.informeinmobiliario.com/apartaestudios-venta-medellin-ciudad-del-rio/proyecto/701,$ 452.670.000,45.0,2,1,No info,1,No info,Si
Vivante,Lotes,Llanogrande,Sector Gualanday,https://www.informeinmobiliario.com/lotes-venta-llanogrande-sector-gualanday/proyecto/1347,$ 455.000.000,109.0,No info,No info,No info,No info,No info,No info
La Riviere,Apartaestudios,Medellín,Ciudad del Rio,https://www.informeinmobiliario.com/apartaestudios-venta-medellin-ciudad-del-rio/proyecto/701,$ 467.900.000,50.0,2,1,No info,1,No info,Si
La Riviere,Apartaestudios,Medellín,Ciudad del Rio,https://www.informeinmobiliario.com/apartaestudios-venta-medellin-ciudad-del-rio/proyecto/701,$ 609.780.000,62.0,2,2,No info,1,1,Si
Park City,Apartamentos,Rionegro,El Porvenir,https://www.informeinmobiliario.com/apartamentos-venta-rionegro-el-porvenir/proyecto/1453,$ 447.000.000,52.0,2,1,2026,1,No info,No info
Turquesa,Apartaestudios,Medellín,San Germán,https://www.informeinmobiliario.com/apartaestudios-venta-medellin-san-german/proyecto/1359,$ 427.600.000,55.0,2,2,No info,1,No info,Si
Prato,Apartamentos,Sabaneta,Loma de San Jose,https://www.informeinmobiliario.com/apartamentos-venta-sabaneta-loma-de-san-jose/proyecto/743,$ 451.448.000,70.0,2,2,No info,1,1,Si
Velvet,Apartamentos,Itagüí,Antigua fábrica Coltejer,https://www.informeinmobiliario.com/apartamentos-venta-itagui-antigua-fabrica-coltejer/proyecto/1326,$ 445.400.000,61.0,2,3,No info,1,1,Si
Zanetti,Apartamentos,Itagüí,Sector Las Chimeneas,https://www.informeinmobiliario.com/apartamentos-venta-itagui-sector-las-chimeneas/proyecto/884,$ 421.200.000,64.0,2,3,No info,No info,No info,No info
Valle del Norte,Casas,Bello,Navarra,https://www.informeinmobiliario.com/casas-venta-bello-navarra/proyecto/1329,$ 412.000.000,58.0,2,2,No info,1,No info,Si
Nido,Apartamentos,Sabaneta,V. Pan de Azúcar,https://www.informeinmobiliario.com/apartamentos-venta-sabaneta-v-pan-de-azucar/proyecto/886,$ 410.900.000,62.0,2,2,No info,1,No info,No info
El Rosal,Apartamentos,Medellín,Calasanz,https://www.informeinmobiliario.com/apartamentos-venta-medellin-calasanz/proyecto/221,$ 412.200.000,71.0,2,3,2023,1,1,No info
La Fontana,Lotes,Llanogrande,,https://www.informeinmobiliario.com/lotes-venta-llanogrande/proyecto/1170,$ 402.226.208,117.0,No info,No info,No info,No info,No info,No info
Citadela Di Sole,Apartamentos,Santa Fe de Antioquia,,https://www.informeinmobiliario.com/apartamentos-venta-santa-fe-de-antioquia/proyecto/857,$ 409.011.000,56.0,2,1,No info,1,No info,No info
Vida Park,Apartamentos,Rionegro,Sector Los Colegios,https://www.informeinmobiliario.com/apartamentos-venta-rionegro-sector-los-colegios/proyecto/1483,$ 410.000.000,58.0,2,2,No info,1,No info,Si
Foresta,Apartamentos,Envigado,Las Antillas,https://www.informeinmobiliario.com/apartamentos-venta-envigado-las-antillas/proyecto/874,$ 404.800.000,61.0,2,2,No info,1,No info,Si
Gaita,Apartamentos,Sabaneta,La Doctora,https://www.informeinmobiliario.com/apartamentos-venta-sabaneta-la-doctora/proyecto/907,$ 456.000.000,61.0,2,2,No info,1,1,Si
Curubal,Apartamentos,Envigado,El Trianón,https://www.informeinmobiliario.com/apartamentos-venta-envigado-el-trianon/proyecto/1269,$ 484.188.000,67.0,2,3,2024-2025,No info,No info,No info
Curubal,Apartamentos,Envigado,El Trianón,https://www.informeinmobiliario.com/apartamentos-venta-envigado-el-trianon/proyecto/1269,$ 606.804.000,84.0,2,3,2024-2025,No info,No info,No info
Curubal,Apartamentos,Envigado,El Trianón,https://www.informeinmobiliario.com/apartamentos-venta-envigado-el-trianon/proyecto/1269,$ 720.180.000,90.0,2,3,2025,No info,No info,No info
Bilanco de Mayorca,Apartamentos,Envigado,Sector Mayorca,https://www.informeinmobiliario.com/apartamentos-venta-envigado-sector-mayorca/proyecto/1351,$ 482.000.000,63.0,2,3,No info,1,No info,Si
Manzanal,Apartamentos,Envigado,El Trianón,https://www.informeinmobiliario.com/apartamentos-venta-envigado-el-trianon/proyecto/1272,$ 475.128.000,66.0,2,2,2023,No info,No info,No info
Saint Moritz,Apartamentos,El Retiro,,https://www.informeinmobiliario.com/apartamentos-venta-el-retiro/proyecto/1305,$ 476.520.000,50.0,2,1,2026,1,No info,Si
Colonia,Apartamentos,Medellín,Belén Rodeo Alto,https://www.informeinmobiliario.com/apartamentos-venta-medellin-belen-rodeo-alto/proyecto/1470,$ 473.000.000,67.0,2,2,2026,No info,No info,No info
Canto,Apartamentos,Rionegro,San Antonio de Pereira,https://www.informeinmobiliario.com/apartamentos-venta-rionegro-san-antonio-de-pereira/proyecto/1059,$ 472.375.866,58.0,2,2,No info,1,No info,Si
Bosques de la Fontana,Apartamentos,Llanogrande,Sector Gualanday,https://www.informeinmobiliario.com/apartamentos-venta-llanogrande-sector-gualanday/proyecto/1458,$ 469.577.713,57.0,2,2,No info,No info,No info,No info
Maderos Del Retiro,Apartamentos,El Retiro,,https://www.informeinmobiliario.com/apartamentos-venta-el-retiro/proyecto/762,$ 467.000.000,59.0,2,2,2023,1,No info,Si
Reserva Alfar,Lotes,El Carmen de Viboral,V. El Canadá,https://www.informeinmobiliario.com/lotes-venta-el-carmen-de-viboral-v-el-canada/proyecto/1353,$ 466.121.000,1486.0,No info,No info,No info,No info,No info,No info
Verde Campiña,Lotes,La Ceja,Corredor San Antonio - La Ceja (La Ceja),https://www.informeinmobiliario.com/lotes-venta-la-ceja-corredor-san-antonio-la-ceja-la-ceja/proyecto/1130,$ 464.000.000,1500.0,No info,No info,No info,No info,No info,No info
Catalana,Apartamentos,Medellín,Robledo,https://www.informeinmobiliario.com/apartamentos-venta-medellin-robledo/proyecto/1120,$ 463.013.000,67.0,2,3,No info,1,1,Si
Viverdi,Apartamentos,Rionegro,V. Barro Blanco,https://www.informeinmobiliario.com/apartamentos-venta-rionegro-v-barro-blanco/proyecto/1060,$ 463.301.728,68.0,2,3,No info,1,No info,Si
Nature Bio,Apartamentos,Sabaneta,V. La Doctora,https://www.informeinmobiliario.com/apartamentos-venta-sabaneta-v-la-doctora/proyecto/1146,$ 460.400.000,67.0,2,3,No info,1,1,Si
Boske Campestre Aptos,Apartamentos,Rionegro,San Antonio de Pereira,https://www.informeinmobiliario.com/apartamentos-venta-rionegro-san-antonio-de-pereira/proyecto/1246,$ 456.456.000,53.0,2,1,No info,1,No info,No info
Oliva,Apartamentos,Itagüí,Antigua fábrica Coltejer,https://www.informeinmobiliario.com/apartamentos-venta-itagui-antigua-fabrica-coltejer/proyecto/1183,$ 485.304.000,56.0,2,3,No info,No info,No info,No info
Tierra Grata Camino Verde,Apartamentos,Envigado,Camino Verde,https://www.informeinmobiliario.com/apartamentos-venta-envigado-camino-verde/proyecto/818,$ 536.375.160,72.0,2,3,No info,1,1,Si
Tierra Grata Camino Verde,Apartamentos,Envigado,Camino Verde,https://www.informeinmobiliario.com/apartamentos-venta-envigado-camino-verde/proyecto/818,$ 634.396.407,95.0,3,3,No info,1,1,Si
Kosmos,Apartamentos,Sabaneta,Las Vegas,https://www.informeinmobiliario.com/apartamentos-venta-sabaneta-las-vegas/proyecto/1467,$ 535.000.000,58.0,2,2,No info,1,1,Si
Verde Silvestre,Apartamentos,Envigado,Camino Verde,https://www.informeinmobiliario.com/apartamentos-venta-envigado-camino-verde/proyecto/1423,$ 523.300.000,69.0,2,3,No info,1,1,Si
Cataluña,Lotes,La Ceja,V. El Tambo,https://www.informeinmobiliario.com/lotes-venta-la-ceja-v-el-tambo/proyecto/1270,$ 528.000.000,1000.0,No info,No info,No info,No info,No info,No info
Allegra,Apartamentos,Rionegro,V. Barro Blanco,https://www.informeinmobiliario.com/apartamentos-venta-rionegro-v-barro-blanco/proyecto/1382,$ 524.000.000,65.0,2,2,No info,No info,No info,No info
Nuevo Poblado 2,Apartamentos,Itagüí,Sector Las Chimeneas,https://www.informeinmobiliario.com/apartamentos-venta-itagui-sector-las-chimeneas/proyecto/1345,$ 521.100.000,71.0,2,3,No info,1,No info,Si
ArtCity,Apartamentos,Medellín,Ciudad del Rio,https://www.informeinmobiliario.com/apartamentos-venta-medellin-ciudad-del-rio/proyecto/1459,$ 521.000.000,60.0,2,2,No info,1,No info,Si
Distrito Vera,Apartamentos,Medellín,Ciudad del Rio,https://www.informeinmobiliario.com/apartamentos-venta-medellin-ciudad-del-rio/proyecto/828,$ 520.000.000,49.0,2,1,No info,1,No info,Si
Ciudad Del Bosque Menta,Apartamentos,Sabaneta,Asdesillas,https://www.informeinmobiliario.com/apartamentos-venta-sabaneta-asdesillas/proyecto/727,$ 509.932.150,64.0,2,2,2025,1,1,No info
Civita,Apartamentos,Envigado,Sector Mayorca,https://www.informeinmobiliario.com/apartamentos-venta-envigado-sector-mayorca/proyecto/1064,$ 509.050.000,60.0,2,2,No info,No info,1,No info
Ciudadela Monteazul 2,Apartamentos,Sabaneta,Tres Esquinas,https://www.informeinmobiliario.com/apartamentos-venta-sabaneta-tres-esquinas/proyecto/806,$ 501.120.000,68.0,2,2,No info,1,1,Si
Ciudadela Monteazul 2,Apartamentos,Sabaneta,Tres Esquinas,https://www.informeinmobiliario.com/apartamentos-venta-sabaneta-tres-esquinas/proyecto/806,$ 553.910.000,77.0,2,2,No info,1,1,Si
Ciudadela Monteazul 2,Apartamentos,Sabaneta,Tres Esquinas,https://www.informeinmobiliario.com/apartamentos-venta-sabaneta-tres-esquinas/proyecto/806,$ 574.020.000,83.0,3,2,No info,1,1,Si
Hacienda La Argentina Aptos,Apartamentos,El Retiro,,https://www.informeinmobiliario.com/apartamentos-venta-el-retiro/proyecto/636,$ 504.415.000,53.0,2,1,No info,1,No info,Si
Medieval,Apartamentos,Rionegro,San Antonio de Pereira,https://www.informeinmobiliario.com/apartamentos-venta-rionegro-san-antonio-de-pereira/proyecto/770,$ 493.357.500,60.0,2,2,No info,1,1,Si
La Provincia,Apartamentos,Rionegro,Somer,https://www.informeinmobiliario.com/apartamentos-venta-rionegro-somer/proyecto/791,$ 490.000.000,69.0,2,2,No info,1,1,Si
Tierra Grata Country Life,Apartamentos,Medellín,El Poblado,https://www.informeinmobiliario.com/apartamentos-venta-medellin-el-poblado/proyecto/1514,$ 489.090.000,57.0,2,1,No info,1,No info,Si
Jardines del Río,Apartamentos,Medellín,Ciudad del Rio,https://www.informeinmobiliario.com/apartamentos-venta-medellin-ciudad-del-rio/proyecto/1519,$ 557.000.000,56.0,No info,No info,No info,No info,No info,No info
Vivari San Nicolás,Apartamentos,Rionegro,San Nicolas,https://www.informeinmobiliario.com/apartamentos-venta-rionegro-san-nicolas/proyecto/1177,$ 555.230.960,64.0,2,2,No info,1,No info,Si
Prana,Apartamentos,Envigado,Camino Verde,https://www.informeinmobiliario.com/apartamentos-venta-envigado-camino-verde/proyecto/852,$ 642.000.000,79.0,2,2,No info,1,1,Si
Tierra Grata Bruja Magica,Apartamentos,Envigado,Loma de Las Brujas,https://www.informeinmobiliario.com/apartamentos-venta-envigado-loma-de-las-brujas/proyecto/865,$ 638.175.900,80.0,3,2,No info,1,1,Si
La Riviere 2,Apartamentos,Medellín,Ciudad del Rio,https://www.informeinmobiliario.com/apartamentos-venta-medellin-ciudad-del-rio/proyecto/665,$ 633.530.000,73.0,3,2,No info,1,No info,Si
La Riviere 2,Apartamentos,Medellín,Ciudad del Rio,https://www.informeinmobiliario.com/apartamentos-venta-medellin-ciudad-del-rio/proyecto/665,$ 963.590.000,105.0,3,3,No info,1,1,Si
CityM Belen,Apartamentos,Medellín,Belén,https://www.informeinmobiliario.com/apartamentos-venta-medellin-belen/proyecto/1167,$ 639.160.000,72.0,2,3,No info,1,No info,Si
Soul,Apartamentos,Envigado,,https://www.informeinmobiliario.com/apartamentos-venta-envigado/proyecto/1386,$ 610.000.000,74.0,2,2,2026,1,1,Si
El Cortijo,Lotes,La Ceja,Via La Ceja - La Unión,https://www.informeinmobiliario.com/lotes-venta-la-ceja-via-la-ceja-la-union/proyecto/1466,$ 594.000.000,1250.0,No info,No info,No info,No info,No info,No info
Kiva del Rio,Apartamentos,Medellín,Ciudad del Rio,https://www.informeinmobiliario.com/apartamentos-venta-medellin-ciudad-del-rio/proyecto/1387,$ 602.299.747,64.0,2,2,No info,1,No info,Si
Antalya,Apartamentos,Envigado,La Salle,https://www.informeinmobiliario.com/apartamentos-venta-envigado-la-salle/proyecto/655,$ 572.145.988,61.0,2,1,No info,1,No info,Si
Antalya,Apartamentos,Envigado,La Salle,https://www.informeinmobiliario.com/apartamentos-venta-envigado-la-salle/proyecto/655,$ 722.714.000,84.0,2,3,2024,1,1,Si
Seniors Club El Vergel,Apartamentos,Envigado,Loma del Escobero,https://www.informeinmobiliario.com/apartamentos-venta-envigado-loma-del-escobero/proyecto/927,$ 553.492.720,49.0,2,1,No info,1,No info,No info
Vegas 48,Apartamentos,Envigado,Las Vegas,https://www.informeinmobiliario.com/apartamentos-venta-envigado-las-vegas/proyecto/1160,$ 546.800.000,63.0,2,2,2025,No info,1,No info
Bosque Grande,Apartamentos,Itagüí,Suramérica,https://www.informeinmobiliario.com/apartamentos-venta-itagui-suramerica/proyecto/754,$ 552.000.000,78.0,2,3,No info,1,1,Si
Aqua,Apartamentos,Rionegro,V. Ojo de Agua,https://www.informeinmobiliario.com/apartamentos-venta-rionegro-v-ojo-de-agua/proyecto/795,$ 547.467.800,66.0,2,3,No info,1,No info,No info
Bosque Sagrado,Apartamentos,Envigado,Señorial,https://www.informeinmobiliario.com/apartamentos-venta-envigado-senorial/proyecto/1057,$ 538.088.800,72.0,2,2,No info,1,No info,Si
Reserva San Juan,Suites,El Retiro,V. La Fe,https://www.informeinmobiliario.com/suites-venta-el-retiro-v-la-fe/proyecto/1175,$ 664.400.000,73.0,2,1,No info,No info,No info,No info
El Jordán,Lotes,La Ceja,,https://www.informeinmobiliario.com/lotes-venta-la-ceja/proyecto/1439,$ 649.000.000,1084.0,No info,No info,No info,No info,No info,No info
Florencia Del Rio,Apartamentos,Medellín,Ciudad del Rio,https://www.informeinmobiliario.com/apartamentos-venta-medellin-ciudad-del-rio/proyecto/1196,$ 832.645.450,117.0,3,3,No info,1,1,Si
Le Mont Comercio,Oficinas,Envigado,Alto de las Palmas,https://www.informeinmobiliario.com/oficinas-venta-envigado-alto-de-las-palmas/proyecto/1526,$ 801.762.500,87.0,No info,No info,No info,1,No info,No info
Cedro Azul,Apartamentos,Envigado,Loma de Las Brujas,https://www.informeinmobiliario.com/apartamentos-venta-envigado-loma-de-las-brujas/proyecto/600,$ 779.000.000,90.0,2,3,No info,No info,1,No info
Flats By Linares,Apartamentos,Medellín,El Poblado,https://www.informeinmobiliario.com/apartamentos-venta-medellin-el-poblado/proyecto/893,$ 786.768.200,67.0,2,1,2025,1,No info,Si
Calmo,Apartamentos,El Retiro,Vía Circunvalar,https://www.informeinmobiliario.com/apartamentos-venta-el-retiro-via-circunvalar/proyecto/1289,$ 785.190.800,93.0,2,1,2025,2,1,No info
Bosques del Alto,Lotes,Envigado,Alto de las Palmas,https://www.informeinmobiliario.com/lotes-venta-envigado-alto-de-las-palmas/proyecto/1520,$ 770.000.000,658.0,No info,No info,No info,No info,No info,No info
Horizontes Territorio Campestre,Lotes,El Retiro,,https://www.informeinmobiliario.com/lotes-venta-el-retiro/proyecto/814,$ 750.000.000,1886.0,No info,No info,No info,No info,No info,No info
Terramonte,Suites,Llanogrande,,https://www.informeinmobiliario.com/suites-venta-llanogrande/proyecto/1443,$ 739.713.000,71.0,2,1,2025,1,1,No info
Bosque Del Rio,Apartamentos,Medellín,Ciudad del Rio,https://www.informeinmobiliario.com/apartamentos-venta-medellin-ciudad-del-rio/proyecto/846,$ 688.450.000,97.0,3,3,No info,2,1,Si
Leven,Apartamentos,Medellín,Altos del Poblado,https://www.informeinmobiliario.com/apartamentos-venta-medellin-altos-del-poblado/proyecto/1231,$ 679.370.000,57.0,2,1,No info,1,No info,Si
Leven,Apartamentos,Medellín,Altos del Poblado,https://www.informeinmobiliario.com/apartamentos-venta-medellin-altos-del-poblado/proyecto/1231,$ 692.749.000,59.0,2,1,No info,1,No info,Si
Leven,Apartamentos,Medellín,Altos del Poblado,https://www.informeinmobiliario.com/apartamentos-venta-medellin-altos-del-poblado/proyecto/1231,$ 1.002.950.000,83.0,3,2,No info,2,No info,Si
Artiko,Apartamentos,Envigado,Loma del Escobero,https://www.informeinmobiliario.com/apartamentos-venta-envigado-loma-del-escobero/proyecto/1181,$ 720.300.000,86.0,2,3,No info,1,1,Si
Crista,Apartamentos,Medellín,Estadio,https://www.informeinmobiliario.com/apartamentos-venta-medellin-estadio/proyecto/1100,$ 676.508.000,75.0,2,3,No info,1,No info,No info
Linz del Río,Apartamentos,Medellín,Ciudad del Rio,https://www.informeinmobiliario.com/apartamentos-venta-medellin-ciudad-del-rio/proyecto/1440,$ 676.407.500,63.0,2,2,No info,1,No info,Si
Linz Living,Apartamentos,Envigado,Cumbres,https://www.informeinmobiliario.com/apartamentos-venta-envigado-cumbres/proyecto/1497,$ 668.550.000,89.0,3,2,No info,No info,1,No info
Tres Cantos,Apartamentos,Medellín,El Poblado,https://www.informeinmobiliario.com/apartamentos-venta-medellin-el-poblado/proyecto/180,$ 893.428.000,75.0,2,2,2026,No info,No info,No info
Montana,Casas,Bello,Norte America,https://www.informeinmobiliario.com/casas-venta-bello-norte-america/proyecto/664,$ 850.000.000,126.0,4,3,No info,2,1,Si
Madero de los Bosques,Apartamentos,Medellín,El Poblado,https://www.informeinmobiliario.com/apartamentos-venta-medellin-el-poblado/proyecto/1469,$ 1.459.841.285,120.0,3,2,No info,2,1,Si
Amici,Apartamentos,Medellín,El Poblado,https://www.informeinmobiliario.com/apartamentos-venta-medellin-el-poblado/proyecto/1287,$ 1.247.640.466,110.0,3,2,2025,No info,1,No info
Tribeca,Apartamentos,Medellín,Los Balsos Nº 1,https://www.informeinmobiliario.com/apartamentos-venta-medellin-los-balsos-n-1/proyecto/1524,$ 1.151.830.000,107.0,3,2,No info,2,1,Si
Contree Castropol,Apartamentos,Medellín,Castropol,https://www.informeinmobiliario.com/apartamentos-venta-medellin-castropol/proyecto/1124,$ 1.186.000.000,85.0,3,2,No info,1,No info,No info
Rua19,Apartamentos,Envigado,Zuñiga,https://www.informeinmobiliario.com/apartamentos-venta-envigado-zuniga/proyecto/1361,$ 1.259.000.000,125.0,4,3,No info,1,1,Si
Leven 2,Apartamentos,Medellín,Altos del Poblado,https://www.informeinmobiliario.com/apartamentos-venta-medellin-altos-del-poblado/proyecto/1333,$ 1.153.420.000,107.0,3,3,No info,1,1,Si
Leven 2,Apartamentos,Medellín,Altos del Poblado,https://www.informeinmobiliario.com/apartamentos-venta-medellin-altos-del-poblado/proyecto/1333,$ 1.458.320.000,128.0,4,3,No info,2,1,Si
Contree Palmas,Apartamentos,Medellín,Las Palmas,https://www.informeinmobiliario.com/apartamentos-venta-medellin-las-palmas/proyecto/684,$ 1.047.800.000,87.0,2,1,No info,1,No info,Si
Aosta,Casas,El Retiro,Pantanillo,https://www.informeinmobiliario.com/casas-venta-el-retiro-pantanillo/proyecto/1444,$ 1.024.000.000,98.0,2,2,2026,1,No info,No info
CityM Laureles,Apartamentos,Medellín,Laureles,https://www.informeinmobiliario.com/apartamentos-venta-medellin-laureles/proyecto/1193,$ 1.096.466.000,141.0,4,3,No info,1,No info,Si
Mazanti,Apartamentos,Medellín,El Poblado,https://www.informeinmobiliario.com/apartamentos-venta-medellin-el-poblado/proyecto/679,$ 999.244.000,104.0,3,2,2024,No info,1,No info
Saint Moritz 2,Casas,El Retiro,,https://www.informeinmobiliario.com/casas-venta-el-retiro/proyecto/1501,$ 981.000.000,125.0,3,2,2026,2,1,Si
Reserva Verdi,Aparta Suites,Rionegro,Llanogrande,https://www.informeinmobiliario.com/aparta-suites-venta-rionegro-llanogrande/proyecto/1015,$ 943.086.783,94.0,3,2,No info,No info,No info,No info
Selva Living & Natura,Lotes,Rionegro,V. Sajonia,https://www.informeinmobiliario.com/lotes-venta-rionegro-v-sajonia/proyecto/1464,$ 900.000.000,1006.0,No info,No info,No info,No info,No info,No info
Essenza,Lotes,Rionegro,V. El Tablazo,https://www.informeinmobiliario.com/lotes-venta-rionegro-v-el-tablazo/proyecto/869,$ 900.000.000,2000.0,No info,No info,No info,No info,No info,No info
Haras Santa Lucia Aptos,Apartamentos,Rionegro,Llanogrande,https://www.informeinmobiliario.com/apartamentos-venta-rionegro-llanogrande/proyecto/819,$ 2.693.400.000,240.0,4,3,No info,1,1,Si
Vayúh,Casas,Rionegro,V. Sajonia,https://www.informeinmobiliario.com/casas-venta-rionegro-v-sajonia/proyecto/1436,$ 1.990.000.000,277.0,4,3,No info,2,1,Si
Loira,Casas,Envigado,San Lucas,https://www.informeinmobiliario.com/casas-venta-envigado-san-lucas/proyecto/689,$ 1.533.000.000,167.0,5,4,No info,1,1,No info
